item_id,store_id,category,state,selected_model,backtest_wape,holdout_wape,holdout_mae,seasonal_naive_wape
FOODS_2_054,CA_4,FOODS,CA,Exponential smoothing,97.5676,106.6131,1.1042,127.5862
FOODS_3_184,TX_2,FOODS,TX,Moving average,104.932,112.9252,0.8469,128.5714
FOODS_3_312,WI_2,FOODS,WI,Naive,100.0,300.0,3.75,122.8571
HOBBIES_1_077,CA_1,HOBBIES,CA,Exponential smoothing,288.9845,120.8219,0.6041,100.0
HOBBIES_1_173,TX_3,HOBBIES,TX,Naive,100.0,460.0,0.8214,140.0
HOBBIES_1_356,WI_3,HOBBIES,WI,Exponential smoothing,211.3415,171.5068,0.3675,133.3333
HOUSEHOLD_2_043,CA_2,HOUSEHOLD,CA,Naive,100.0,100.0,0.3929,81.8182
HOUSEHOLD_2_071,TX_3,HOUSEHOLD,TX,Naive,108.3333,100.0,0.1786,140.0
HOUSEHOLD_1_415,WI_2,HOUSEHOLD,WI,Naive,100.0,400.0,0.8571,233.3333
